<?xml version="1.0" encoding="UTF-8"?>
<!DOCTYPE hibernate-configuration PUBLIC "-//Hibernate/Hibernate Configuration DTD 3.0//EN" "http://hibernate.sourceforge.net/hibernate-configuration-3.0.dtd">
<hibernate-configuration>
  <session-factory>
    <property name="hibernate.dialect">org.hibernate.dialect.MySQLDialect</property>
    <property name="hibernate.connection.driver_class">com.mysql.jdbc.Driver</property>
    <property name="hibernate.connection.username">root</property>
    <property name="hibernate.connection.url">jdbc:mysql://localhost:3306/javachatapp?zeroDateTimeBehavior=convertToNull</property>
    <mapping resource="app/pojos/Files.hbm.xml"/>
    <mapping resource="app/pojos/Role.hbm.xml"/>
    <mapping resource="app/pojos/User.hbm.xml"/>
    <mapping resource="app/pojos/Groups.hbm.xml"/>
  </session-factory>
</hibernate-configuration>
