<?xml version="1.0"?>
<!DOCTYPE hibernate-mapping PUBLIC "-//Hibernate/Hibernate Mapping DTD 3.0//EN"
"http://www.hibernate.org/dtd/hibernate-mapping-3.0.dtd">
<!-- Generated Feb 2, 2023 12:45:08 AM by Hibernate Tools 4.3.1 -->
<hibernate-mapping>
    <class name="app.pojos.Files" table="files" catalog="jchatapp" optimistic-lock="version">
        <id name="id" type="java.lang.Integer">
            <column name="id" />
            <generator class="identity" />
        </id>
        <property name="chatId" type="int">
            <column name="chat_id" not-null="true" />
        </property>
        <property name="link" type="string">
            <column name="link" not-null="true" />
        </property>
        <property name="isDeleted" type="int">
            <column name="is_deleted" not-null="true" />
        </property>
    </class>
</hibernate-mapping>
