<?xml version="1.0"?>
<!DOCTYPE hibernate-mapping PUBLIC "-//Hibernate/Hibernate Mapping DTD 3.0//EN"
"http://www.hibernate.org/dtd/hibernate-mapping-3.0.dtd">
<!-- Generated Feb 4, 2023 12:45:08 AM by Hibernate Tools 4.3.1 -->
<hibernate-mapping>
    <class name="app.pojos.Groups" table="groups" catalog="jchatapp" optimistic-lock="version">
        <id name="id" type="java.lang.Integer">
            <column name="id" />
            <generator class="identity" />
        </id>
        <property name="icon" type="binary">
            <column name="icon" />
        </property>
        <property name="name" type="string">
            <column name="name" not-null="true" />
        </property>
        <property name="description" type="string">
            <column name="description" length="300" />
        </property>
        <property name="createdDate" type="date">
            <column name="created_date" length="10" not-null="true" />
        </property>
        <property name="createdTime" type="time">
            <column name="`created _time`" length="8" not-null="true" />
        </property>
        <property name="status" type="int">
            <column name="status" not-null="true" />
        </property>
        <property name="isDeleted" type="int">
            <column name="is_deleted" not-null="true" />
        </property>
    </class>
</hibernate-mapping>
