<?xml version="1.0"?>
<!DOCTYPE hibernate-mapping PUBLIC "-//Hibernate/Hibernate Mapping DTD 3.0//EN"
"http://www.hibernate.org/dtd/hibernate-mapping-3.0.dtd">
<!-- Generated Feb 4, 2023 12:45:08 AM by Hibernate Tools 4.3.1 -->
<hibernate-mapping>
    <class name="app.pojos.Role" table="role" catalog="jchatapp" optimistic-lock="version">
        <id name="id" type="java.lang.Integer">
            <column name="id" />
            <generator class="identity" />
        </id>
        <property name="role" type="string">
            <column name="role" length="10" not-null="true" />
        </property>
    </class>
</hibernate-mapping>
