<?xml version="1.0"?>
<!DOCTYPE hibernate-mapping PUBLIC "-//Hibernate/Hibernate Mapping DTD 3.0//EN"
"http://www.hibernate.org/dtd/hibernate-mapping-3.0.dtd">
<!-- Generated Feb 4, 2023 12:45:08 AM by Hibernate Tools 4.3.1 -->
<hibernate-mapping>
    <class name="app.pojos.User" table="user" catalog="jchatapp" optimistic-lock="version">
        <id name="id" type="java.lang.Integer">
            <column name="id" />
            <generator class="identity" />
        </id>
        <property name="username" type="string">
            <column name="username" not-null="true" />
        </property>
        <property name="nickname" type="string">
            <column name="nickname" not-null="true" />
        </property>
        <property name="email" type="string">
            <column name="email" not-null="true" />
        </property>
        <property name="avatar" type="binary">
            <column name="avatar" />
        </property>
        <property name="isDeleted" type="int">
            <column name="is_deleted" not-null="true" />
        </property>
        <property name="password" type="string">
            <column name="password" not-null="true" />
        </property>
        <property name="roleId" type="int">
            <column name="role_id" not-null="true" />
        </property>
    </class>
</hibernate-mapping>
